{
	"__comment":"Designed by GeForceLegend",
	"parent":"item/door",
	"textures":{
		"bottom":"block/crimson_door_bottom",
		"bottom1":"block/crimson_door_bottom1",
		"top1":"block/crimson_door_top1",
		"top":"block/crimson_door_top"
	},
	"elements":[
		{
			"from":[12,-8,6.5],
			"to":[16,8,9.5],
			"faces":{
				"north":{"uv":[0,0,4,16],"texture":"#bottom"},
				"east":{"uv":[0,0,3,16],"texture":"#bottom1"},
				"south":{"uv":[4,0,0,16],"texture":"#bottom"},
				"west":{"uv":[3,0,4,16],"texture":"#bottom"},
				"down":{"uv":[6,4,9,0],"rotation":270,"texture":"#bottom1"}
			}
		},
		{
			"from":[5,-7,6.5],
			"to":[11,8,9.5],
			"faces":{
				"north":{"uv":[5,0,11,15],"texture":"#bottom"},
				"east":{"uv":[5,0,6,15],"texture":"#bottom"},
				"south":{"uv":[11,0,5,15],"texture":"#bottom"},
				"west":{"uv":[10,0,11,15],"texture":"#bottom"}
			}
		},
		{
			"from":[0,-8,6.5],
			"to":[4,8,9.5],
			"faces":{
				"north":{"uv":[12,0,16,16],"texture":"#bottom"},
				"east":{"uv":[12,0,13,16],"texture":"#bottom"},
				"south":{"uv":[16,0,12,16],"texture":"#bottom"},
				"west":{"uv":[13,0,16,16],"texture":"#bottom1"},
				"down":{"uv":[6,16,9,12],"rotation":270,"texture":"#bottom1"}
			}
		},
		{
			"from":[4,-7,7],
			"to":[12,8,9],
			"faces":{
				"north":{"uv":[4,0,12,15],"texture":"#bottom"},
				"south":{"uv":[12,0,4,15],"texture":"#bottom"}
			}
		},
		{
			"from":[4,-8,6.5],
			"to":[12,-7,9.5],
			"faces":{
				"north":{"uv":[4,15,12,16],"texture":"#bottom"},
				"south":{"uv":[12,15,4,16],"texture":"#bottom"},
				"up":{"uv":[12,15,4,16],"texture":"#bottom"},
				"down":{"uv":[6,12,9,4],"rotation":270,"texture":"#bottom1"}
			}
		},
		{
			"from":[0.01,-2,6],
			"to":[15.99,3,10],
			"faces":{
				"north":{"uv":[0,5,16,10],"texture":"#bottom"},
				"east":{"uv":[0,5,1,10],"texture":"#bottom"},
				"south":{"uv":[16,5,0,10],"texture":"#bottom"},
				"west":{"uv":[15,5,16,10],"texture":"#bottom"},
				"up":{"uv":[16,5,0,6],"texture":"#bottom"},
				"down":{"uv":[16,9,0,10],"texture":"#bottom"}
			}
		},
		{
			"from":[2,8,9.5],
			"to":[5,10,10.5],
			"faces":{
				"north":{"uv":[3,14,6,16],"texture":"#top1"},
				"east":{"uv":[3,14,4,16],"texture":"#top1"},
				"south":{"uv":[6,14,3,16],"texture":"#top1"},
				"west":{"uv":[5,14,6,16],"texture":"#top1"},
				"up":{"uv":[6,14,3,15],"texture":"#top1"},
				"down":{"uv":[6,15,3,16],"texture":"#top1"}
			}
		},
		{
			"from":[2,8,5.5],
			"to":[5,10,6.5],
			"faces":{
				"north":{"uv":[3,14,6,16],"texture":"#top1"},
				"east":{"uv":[3,14,4,16],"texture":"#top1"},
				"south":{"uv":[6,14,3,16],"texture":"#top1"},
				"west":{"uv":[5,14,6,16],"texture":"#top1"},
				"up":{"uv":[6,14,3,15],"texture":"#top1"},
				"down":{"uv":[6,15,3,16],"texture":"#top1"}
			}
		},
		{
			"from":[0.01,14,6],
			"to":[15.99,19,10],
			"faces":{
				"north":{"uv":[0,5,16,10],"texture":"#top"},
				"east":{"uv":[0,5,1,10],"texture":"#top"},
				"south":{"uv":[16,5,0,10],"texture":"#top"},
				"west":{"uv":[15,5,16,10],"texture":"#top"},
				"up":{"uv":[16,5,0,6],"texture":"#top"},
				"down":{"uv":[16,9,0,10],"texture":"#top"}
			}
		},
		{
			"from":[4,23,6.5],
			"to":[12,24,9.5],
			"faces":{
				"north":{"uv":[4,0,12,1],"texture":"#top"},
				"south":{"uv":[12,0,4,1],"texture":"#top"},
				"up":{"uv":[7,4,10,12],"rotation":90,"texture":"#top1"},
				"down":{"uv":[12,0,4,1],"texture":"#top"}
			}
		},
		{
			"from":[4,8,7],
			"to":[12,23,9],
			"faces":{
				"north":{"uv":[4,1,12,16],"texture":"#top"},
				"south":{"uv":[12,1,4,16],"texture":"#top"}
			}
		},
		{
			"from":[0,8,6.5],
			"to":[4,24,9.5],
			"faces":{
				"north":{"uv":[12,0,16,16],"texture":"#top"},
				"east":{"uv":[12,0,13,16],"texture":"#top"},
				"south":{"uv":[16,0,12,16],"texture":"#top"},
				"west":{"uv":[13,0,16,16],"texture":"#top1"},
				"up":{"uv":[7,12,10,16],"rotation":90,"texture":"#top1"}
			}
		},
		{
			"from":[5,8,6.5],
			"to":[11,23,9.5],
			"faces":{
				"north":{"uv":[5,1,11,16],"texture":"#top"},
				"east":{"uv":[5,1,6,16],"texture":"#top"},
				"south":{"uv":[11,1,5,16],"texture":"#top"},
				"west":{"uv":[10,1,11,16],"texture":"#top"}
			}
		},
		{
			"from":[12,8,6.5],
			"to":[16,24,9.5],
			"faces":{
				"north":{"uv":[0,0,4,16],"texture":"#top"},
				"east":{"uv":[0,0,3,16],"texture":"#top1"},
				"south":{"uv":[4,0,0,16],"texture":"#top"},
				"west":{"uv":[3,0,4,16],"texture":"#top"},
				"up":{"uv":[7,0,10,4],"rotation":90,"texture":"#top1"}
			}
		}
	]
}